{
"Developer":[
{
 "PackageName":"Anaconda",
 "PackageBashCommands":"yaourt -S anaconda --noconfirm"
},
{
 "PackageName":"Android Studio",
 "PackageBashCommands":["yaourt -S android-studio --noconfirm"]
},
{
 "PackageName":"Ardiuno Ide",
 "PackageBashCommands":"yaourt -S arduino --noconfirm"
}
,
{
 "PackageName":"Atom Text Editor",
 "PackageBashCommands":"yaourt -S atom --noconfirm"
}
,

{
 "PackageName":"Eclipse",
 "PackageBashCommands":"yaourt -S eclipse --noconfirm"
},
 {
 "PackageName":"GCC",
 "PackageBashCommands":"yaourt -S gcc --noconfirm"
}
,
 {
 "PackageName":"Geany",
 "PackageBashCommands":"yaourt -S geany --noconfirm"
}
,
{
 "PackageName":"Git",
 "PackageBashCommands":"sudo pacman -S git --noconfirm"
 },
 {
 "PackageName":"intellij Idea",
 "PackageBashCommands":"yaourt -S intellij-idea-community-edition --noconfirm"
}
,
 {
 "PackageName":"intellij Idea(Ultimate)",
 "PackageBashCommands":"yaourt -S intellij-idea-ultimate-edition --noconfirm"
}
,
 {
 "PackageName":"Mono Develop",
 "PackageBashCommands":"yaourt -S monodevelop --noconfirm"
}
,
 {
 "PackageName":"NetBeans",
 "PackageBashCommands":"yaourt -S netbeans --noconfirm"
},
 {
 "PackageName":"PhpStorm",
 "PackageBashCommands":"yaourt -S phpstorm --noconfirm"
},
 {
 "PackageName":"PyCharm(Community)",
 "PackageBashCommands":"yaourt -S pycharm --noconfirm"
},
 {
 "PackageName":"PyCharm(Professional)",
 "PackageBashCommands":"yaourt -S pycharm-professional --noconfirm"
},
{
 "PackageName":"Sublime Text",
 "PackageBashCommands":"yaourt -S sublime-text --noconfirm"
},
{
 "PackageName":"Vim",
 "PackageBashCommands":"sudo pacman -S vim --noconfirm"
},
{
 "PackageName":"Visual Studio Code",
 "PackageBashCommands":"yaourt -S visual-studio-code --noconfirm"
},
{
 "PackageName":"Webstorm",
 "PackageBashCommands":"yaourt -S webstorm --noconfirm"
}

],


"Tools":[
{
 "PackageName":"BleachBit",
 "PackageBashCommands":"sudo pacman -S bleachbit --noconfirm"
},
{
 "PackageName":"Chrome",
 "PackageBashCommands":"yaourt -S google-chrome --noconfirm"
},
{
 "PackageName":"Conky & Conky Manager",
 "PackageBashCommands":["yaourt -S conky --noconfirm","yaourt -S conky-manager --noconfirm"]
},
 {
 "PackageName":"Dropbox",
 "PackageBashCommands":"yaourt -S dropbox --noconfirm"
},
 {
 "PackageName":"Filezilla",
 "PackageBashCommands":"yaourt -S filezilla --noconfirm"
},
 {
 "PackageName":"FoxitReader",
 "PackageBashCommands":"yaourt -S foxitreader --noconfirm"
},
{
 "PackageName":"Krita",
 "PackageBashCommands":"yaourt -S krita --noconfirm"
},
{
 "PackageName":"MegaSync",
 "PackageBashCommands":"yaourt -S megasync --noconfirm"
},
{
 "PackageName":"MintStick",
 "PackageBashCommands":"yaourt -S mintstick-git --noconfirm"
},
{
 "PackageName":"NylasMail",
 "PackageBashCommands":"yaourt -S nylas-mail-bin --noconfirm"
},
{
 "PackageName":"Opera",
 "PackageBashCommands":"yaourt -S opera --noconfirm"
},
{
 "PackageName":"Pepper Flash",
 "PackageBashCommands":"yaourt -S pepper-flash --noconfirm"
},
{
 "PackageName":"Plank",
 "PackageBashCommands":"sudo pacman -S plank --noconfirm"
},
{
 "PackageName":"PlayOnLinux",
 "PackageBashCommands":"yaourt -S playonlinux --noconfirm"
},
{
 "PackageName":"RedShift",
 "PackageBashCommands":"yaourt -S redshift --noconfirm"
},
{
 "PackageName":"Skype",
 "PackageBashCommands":["yaourt -S skype --noconfirm"]
},
{
 "PackageName":"TeamViewer",
 "PackageBashCommands":"yaourt -S teamviewer --noconfirm"
},
{
 "PackageName":"Terminator",
 "PackageBashCommands":"yaourt -S terminator --noconfirm"
},
 {
 "PackageName":"Tilix",
 "PackageBashCommands":"yaourt -S tilix --noconfirm"
},
{
 "PackageName":"Ulauncher",
 "PackageBashCommands":"yaourt -S ulauncher --noconfirm"
},
{
 "PackageName":"VirtualBox",
 "PackageBashCommands":"yaourt -S virtualbox"
},
 {
 "PackageName":"VLC",
 "PackageBashCommands":"yaourt -S vlc --noconfirm"
},
{
 "PackageName":"VokoScreen",
 "PackageBashCommands":"yaourt -S vokoscreen --noconfirm"
},
{
 "PackageName":"Whatsapp Desktop",
 "PackageBashCommands":"yaourt -S whatsapp-desktop --noconfirm"
},
{
 "PackageName":"Wine",
 "PackageBashCommands":"sudo pacman -S wine --noconfirm"
},
{
 "PackageName":"WinUsb",
 "PackageBashCommands":"yaourt -S winusb --noconfirm"
}
],

"Personal":[
 {
 "PackageName":"Compiz",
 "PackageBashCommands":"yaourt -S compiz --noconfirm"
},
 {
 "PackageName":"Flatter Icons",
 "PackageBashCommands":"yaourt -S flattr-icon-theme --noconfirm"
},
 {
 "PackageName":"Numix Circle Theme",
 "PackageBashCommands":["yaourt -S numix-circle-icon-theme-git --noconfirm"]
},
 {
 "PackageName":"Numix Square Icons",
 "PackageBashCommands":"yaourt -S numix-square-icon-theme-git --noconfirm"
},

{
 "PackageName":"Paper Icons",
 "PackageBashCommands":"yaourt -S paper-icon-theme-git --noconfirm"
},
{
 "PackageName":"Spotify",
 "PackageBashCommands":["sudo -Rsnc spotify --noconfirm","sudo -Syyuu --noconfirm","sudo pacman -Scc --noconfirm","yaourt -S --m-arg --skippgpcheck --noconfirm libopenssl-1.0-compat --noconfirm","yaourt -S --m-arg --skippgpcheck --noconfirm libcurl-openssl-1.0","yaourt -S spotify --noconfirm"]
}


],

"System":[
{
 "PackageName":"Update Grub",
 "PackageBashCommands":"sudo update-grub"
},

{
 "PackageName":"Preload",
 "PackageBashCommands":["sudo pacman -S preload","sudo systemctl enable preload.service --noconfirm"]
},
{
 "PackageName":"SSD Trim",
 "PackageBashCommands":"sudo systemctl enable fstrim.timer --noconfirm"
}


],

"Version":"2.0.0",
"GithubRepo":"http://www.github.com/hsmnzaydn/AfterManjaro"











}
